{
    "title": "Anna-Viktoria Castellano",
    "palette": "yellow",
    "header": {
        "type": "header",
        "title": "Viktoria Castellano",
        "tagline": "Schauspielerin",
        "logo_img_alt": "Viktoria's Logo",
        "background_img": "/images/bg_ADR5712.jpg",
        "has_nav": true,
        "nav_links": [
            {
                "type": "action",
                "label": "Start",
                "url": "/",
                "style": "link"
            },
            {
                "type": "action",
                "label": "Über mich",
                "url": "/about",
                "style": "link"
            },
            {
                "type": "action",
                "label": "Kontakt",
                "url": "/contact",
                "style": "link",
                "new_window": true
            }
        ],
        "has_social": true,
        "social_links": [
            {
                "type": "action",
                "label": "YouTube",
                "url": "https://youtu.be/lRIr6VgJkpE",
                "style": "icon",
                "icon_class": "youtube",
                "new_window": true
            },
            {
                "type": "action",
                "label": "Instagram",
                "url": "https://www.instagram.com/",
                "style": "icon",
                "icon_class": "instagram",
                "new_window": true
            },
            {
                "type": "action",
                "label": "LinkedIn",
                "url": "https://www.linkedin.com/",
                "style": "icon",
                "icon_class": "linkedin",
                "new_window": true
            }
        ]
    },
    "footer": {
        "type": "footer",
        "content": "&copy; Anna-Viktoria Castellano. All rights reserved. This Jamstack site was created by BlackBoxMediaDesign OÜ."
    },
    "domain": "https://viktoria-castellano.netlify.app",
    "favicon": "/images/Krönchen.png"
}